,high risk,low risk,mid risk
AUC,0.9343099671412924,0.9184264456918827,0.8959413228281153
