,count,unique,top,freq,mean,std,min,25%,50%,75%,max
Age,707.0,,,,29.5983026874116,13.120595468333795,10.0,19.0,25.0,37.0,65.0
SystolicBP,707.0,,,,113.02828854314002,18.741624540299135,70.0,95.0,120.0,120.0,160.0
DiastolicBP,707.0,,,,76.38472418670439,13.79859966522943,49.0,65.0,80.0,90.0,100.0
BS,707.0,,,,8.70029702970297,3.3053302813166643,6.0,6.9,7.5,8.0,19.0
BodyTemp,707.0,,,,98.69222065063649,1.4053656856673047,98.0,98.0,98.0,98.0,103.0
HeartRate,707.0,,,,74.28429985855729,7.526709355554302,60.0,70.0,76.0,80.0,90.0
RiskLevel,707,3,low risk,273,,,,,,,
